generation,best_fitness,median_fitness
0,0.008115,0.016231
1,0.006312,0.016231
2,0.003607,0.017133
3,0.002705,0.018936
4,0.002705,0.018936
5,0.000000,0.015329
