generation,best_fitness,median_fitness
0,0.008115,0.018936
1,0.006312,0.018936
2,0.003607,0.014427
3,0.003607,0.018936
4,0.003607,0.017133
5,0.000000,0.013526
