generation,best_fitness,median_fitness
0,0.008115,0.010821
1,0.003607,0.010821
2,0.000000,0.008115
