generation,best_fitness,median_fitness
0,0.025550,0.025550
1,0.003726,0.025550
2,0.003726,0.022534
3,0.003726,0.018275
4,0.001952,0.005145
5,0.001952,0.004968
6,0.001952,0.005855
