generation,best_fitness,median_fitness
0,0.008115,0.016231
1,0.008115,0.016231
2,0.003607,0.016231
3,0.002705,0.013526
4,0.002705,0.018034
5,0.002705,0.016231
6,0.002705,0.014427
7,0.000000,0.018034
