generation,best_fitness,median_fitness
0,0.008115,0.013526
1,0.003607,0.013526
2,0.003607,0.010821
3,0.000000,0.016231
